{"7397249083": "eyJhbGciOiJIUzUxMiJ9.eyJzdWIiOiI3Mzk3MjQ5MDgzIiwiY2hhdElkIjoiNzM5NzI0OTA4MyIsImlhdCI6MTcyNTM4MTYyOSwiZXhwIjoxNzI3OTczNjI5LCJyb2xlQXV0aG9yaXplcyI6W10sInVzZXJJZCI6MTgzMTAwMDc0MTg1OTE0MzY4MH0.pRbQgquqtv3EDYK4CP7Q6O6rfgBOpWQs_enReMFkbS6fSTMoU_ZKwKhrZoosbucSg4Fzh-q_EyLm_Zo4uBSbag", "5757673381": "eyJhbGciOiJIUzUxMiJ9.eyJzdWIiOiI1NzU3NjczMzgxIiwiY2hhdElkIjoiNTc1NzY3MzM4MSIsImlhdCI6MTcyNzE5Mzg3MCwiZXhwIjoxNzI5Nzg1ODcwLCJyb2xlQXV0aG9yaXplcyI6W10sInVzZXJJZCI6MTgzNzgzNjMxMjgwMjY2ODU0NH0._y-mQcuD-FeXonCeqPfzLUBYcgJZoJW_7WGNYJo2Bl8wSsfsxNuaTQdIsC3Thq0Z41lUzEbOdpVE6EyGzpEX_g", "5909742200": "eyJhbGciOiJIUzUxMiJ9.eyJzdWIiOiI1OTA5NzQyMjAwIiwiY2hhdElkIjoiNTkwOTc0MjIwMCIsImlhdCI6MTcyNzE5MzkxMCwiZXhwIjoxNzI5Nzg1OTEwLCJyb2xlQXV0aG9yaXplcyI6W10sInVzZXJJZCI6MTgzNzg0NDA4NzE4MjYxODYyNH0.UoDx_eMql4PwR71xtdr54VkfSl0PPcO1QTREGFZ5s7HngqyLoEtl4KATxhPgfGXjQoDUmXzBQKcYJCRS53sbAg", "6182770457": "eyJhbGciOiJIUzUxMiJ9.eyJzdWIiOiI2MTgyNzcwNDU3IiwiY2hhdElkIjoiNjE4Mjc3MDQ1NyIsImlhdCI6MTcyNzE5Mzk2MCwiZXhwIjoxNzI5Nzg1OTYwLCJyb2xlQXV0aG9yaXplcyI6W10sInVzZXJJZCI6MTgzNzg4NjE0NjM5MDQ0MTk4NH0.HJc_0uzkTcLgmZBhsy28_xQ8QMAl8Ma6DX7TvKY1kBZjgadk72l9ShuViDx4AULR3IzS-FmzwRB7HQ2W0ACyAQ", "1854986100": "eyJhbGciOiJIUzUxMiJ9.eyJzdWIiOiIxODU0OTg2MTAwIiwiY2hhdElkIjoiMTg1NDk4NjEwMCIsImlhdCI6MTcyNzE5NDU0OSwiZXhwIjoxNzI5Nzg2NTQ5LCJyb2xlQXV0aG9yaXplcyI6W10sInVzZXJJZCI6MTgzNzg2NzI5OTkxNjA0MjI0MH0.9bycguN_2ye0mZtecryBRBsB2WhM-h_lOHJZeT8Mmmg83-HaHzlXtAzsOtG6JMZ95Kb3tf3Ssu58JiIh816Dlw", "1812267774": "eyJhbGciOiJIUzUxMiJ9.eyJzdWIiOiIxODEyMjY3Nzc0IiwiY2hhdElkIjoiMTgxMjI2Nzc3NCIsImlhdCI6MTcyODMxMzc2MywiZXhwIjoxNzMwOTA1NzYzLCJyb2xlQXV0aG9yaXplcyI6W10sInVzZXJJZCI6MTc5MjQ4MzI0MDAyMzA2ODY3Mn0.Gtg8tklW87BFbpwPqBZlDD-5YPd58OWqMrxZ4Hwqrr9Qs1FyQOiRc9pJy8WdM935Yu0SnUdiWwElffOG26NuGw"}